ANO,COD_MUNICIPIO,NOME_MUNICIPIO,DEPENDENCIA_ADM,MED_ENEM,PIB_MUNICIPIO,PIB_PER_CAPITA
2017,2500106,Água Branca,2,485.50200000000007,77222.249,7528.0
2017,2500205,Aguiar,2,439.19399999999996,47394.371,8521.1
2017,2500304,Alagoa Grande,2,491.68799999999993,266622.078,9333.87
2017,2500403,Alagoa Nova,2,491.71999999999997,225944.787,10921.01
2017,2500403,Alagoa Nova,3,453.78000000000003,225944.787,10921.01
2017,2500502,Alagoinha,2,478.76800000000003,108721.302,7516.68
2017,2500536,Alcantil,2,503.264,42304.545,7693.13
2017,2500577,Algodão de Jandaíra,2,438.514,25919.386,10363.61
2017,2500601,Alhandra,2,462.494,1110449.389,56716.35
2017,2500601,Alhandra,3,437.53999999999996,1110449.389,56716.35
2017,2500700,São João do Rio do Peixe,2,466.49399999999997,171751.631,9573.67
2017,2500700,São João do Rio do Peixe,3,442.21999999999997,171751.631,9573.67
2017,2500734,Amparo,2,428.48400000000004,24392.912,10860.6
2017,2500734,Amparo,3,442.4200000000001,24392.912,10860.6
2017,2500775,Aparecida,2,491.826,72218.979,8566.9
2017,2500809,Araçagi,2,467.85,167593.063,9856.68
2017,2500908,Arara,2,487.1940000000001,98835.197,7300.58
2017,2501005,Araruna,2,483.66399999999993,165492.831,8105.24
2017,2501104,Areia,2,485.686,232703.478,10217.05
2017,2501153,Areia de Baraúnas,2,427.384,18677.629,8785.34
2017,2501203,Areial,2,481.91,52057.352,7463.42
2017,2501203,Areial,3,476.67600000000004,52057.352,7463.42
2017,2501302,Aroeiras,2,476.8860000000001,141195.402,7371.59
2017,2501351,Assunção,2,487.332,36966.227,9427.75
2017,2501401,Baía da Traição,2,455.44399999999996,79806.381,8798.94
2017,2501500,Bananeiras,1,508.87600000000003,232449.827,10987.42
2017,2501500,Bananeiras,2,493.696,232449.827,10987.42
2017,2501534,Baraúna,2,487.046,40503.018,8223.96
2017,2501575,Barra de Santana,2,470.62600000000003,63430.528,7696.95
2017,2501609,Barra de Santa Rosa,2,489.15,127545.094,8270.87
2017,2501708,Barra de São Miguel,2,463.366,46564.461,7788.0
2017,2501708,Barra de São Miguel,3,444.6,46564.461,7788.0
2017,2501807,Bayeux,2,469.04200000000003,1356044.944,13978.4
2017,2501807,Bayeux,3,477.608,1356044.944,13978.4
2017,2501906,Belém,2,473.71000000000004,170525.016,9642.35
2017,2502003,Belém do Brejo do Cruz,2,473.812,64521.188,8781.98
2017,2502052,Bernardino Batista,2,491.746,31613.159,9195.22
2017,2502102,Boa Ventura,2,450.54400000000004,41912.257,7835.53
2017,2502102,Boa Ventura,3,416.37999999999994,41912.257,7835.53
2017,2502151,Boa Vista,2,468.25200000000007,126850.961,17909.21
2017,2502201,Bom Jesus,2,466.1360000000001,26206.414,10208.97
2017,2502300,Bom Sucesso,2,459.75199999999995,41481.093,8342.94
2017,2502409,Bonito de Santa Fé,2,471.494,95009.147,7958.55
2017,2502508,Boqueirão,2,475.53000000000003,185219.555,10381.1
2017,2502607,Igaracy,2,466.442,51204.68,8294.94
2017,2502706,Borborema,2,448.3639999999999,62145.612,11444.86
2017,2502805,Brejo do Cruz,2,462.838,122278.362,8667.92
2017,2502904,Brejo dos Santos,2,472.17999999999995,51655.017,7999.85
2017,2503001,Caaporã,2,450.924,322158.979,14729.29
2017,2503001,Caaporã,3,451.2200000000001,322158.979,14729.29
2017,2503100,Cabaceiras,2,503.77199999999993,48284.762,8668.72
2017,2503209,Cabedelo,1,543.01,2895697.258,42563.13
2017,2503209,Cabedelo,2,465.8,2895697.258,42563.13
2017,2503209,Cabedelo,3,398.15600000000006,2895697.258,42563.13
2017,2503308,Cachoeira dos Índios,2,470.76000000000005,109478.787,10665.25
2017,2503407,Cacimba de Areia,2,458.1360000000001,33111.208,8832.01
2017,2503506,Cacimba de Dentro,2,487.48400000000004,123893.584,7221.59
2017,2503555,Cacimbas,2,460.54200000000003,47318.437,6587.56
2017,2503605,Caiçara,2,477.474,59332.587,8146.72
2017,2503704,Cajazeiras,1,586.1160000000001,1096132.93,17626.4
2017,2503704,Cajazeiras,2,484.666,1096132.93,17626.4
2017,2503753,Cajazeirinhas,2,472.77200000000005,30467.566,9530.05
2017,2503803,Caldas Brandão,2,496.89,65965.571,10948.64
2017,2503902,Camalaú,2,467.49000000000007,59380.936,9863.94
2017,2504009,Campina Grande,1,594.508,8650089.384,21080.71
2017,2504009,Campina Grande,2,502.48999999999995,8650089.384,21080.71
2017,2504009,Campina Grande,3,466.03600000000006,8650089.384,21080.71
2017,2504033,Capim,2,462.16,60047.501,9164.76
2017,2504033,Capim,3,437.2,60047.501,9164.76
2017,2504074,Caraúbas,2,471.468,34691.303,8317.26
2017,2504108,Carrapateira,2,454.934,25578.931,9590.9
2017,2504157,Casserengue,2,442.072,59294.295,7931.29
2017,2504207,Catingueira,2,467.582,40217.359,8151.07
2017,2504306,Catolé do Rocha,2,483.60600000000005,380057.587,12447.03
2017,2504355,Caturité,2,475.1719999999999,56763.089,11730.33
2017,2504355,Caturité,3,454.55999999999995,56763.089,11730.33
2017,2504405,Conceição,2,463.21999999999997,161118.29,8504.98
2017,2504504,Condado,2,474.88,57481.101,8511.94
2017,2504603,Conde,2,457.13199999999995,636152.483,25683.41
2017,2504603,Conde,3,479.96000000000004,636152.483,25683.41
2017,2504702,Congo,2,494.15200000000004,50493.674,10543.68
2017,2504801,Coremas,2,489.038,141092.625,9146.42
2017,2504850,Coxixola,2,479.828,19190.183,9968.93
2017,2504900,Cruz do Espírito Santo,2,460.66,127580.058,7265.79
2017,2505006,Cubati,2,477.184,59221.484,8141.53
2017,2505006,Cubati,3,538.5799999999999,59221.484,8141.53
2017,2505105,Cuité,2,490.082,190742.791,9374.03
2017,2505204,Cuitegi,2,466.46000000000004,56890.869,8378.63
2017,2505238,Cuité de Mamanguape,2,451.07399999999996,55256.645,8690.88
2017,2505279,Curral de Cima,2,479.674,47209.899,9023.3
2017,2505303,Curral Velho,2,462.576,19978.168,7937.29
2017,2505352,Damião,2,455.62399999999997,41814.211,7825.98
2017,2505402,Desterro,2,489.24799999999993,59117.37,7117.43
2017,2505501,Vista Serrana,2,476.33200000000005,33191.203,8716.18
2017,2505600,Diamante,2,461.912,53269.129,8132.69
2017,2505709,Dona Inês,2,472.84800000000007,81254.72,7825.75
2017,2505808,Duas Estradas,2,481.78999999999996,37669.76,10481.29
2017,2505907,Emas,2,474.746,32011.058,9073.43
2017,2506004,Esperança,2,487.34000000000003,408055.677,12266.45
2017,2506103,Fagundes,2,493.61800000000005,87470.978,7731.9
2017,2506103,Fagundes,3,450.378,87470.978,7731.9
2017,2506202,Frei Martinho,2,470.616,26563.325,8884.06
2017,2506251,Gado Bravo,2,465.92999999999995,64867.394,7690.27
2017,2506301,Guarabira,1,583.0260000000001,947355.038,16089.32
2017,2506301,Guarabira,2,477.128,947355.038,16089.32
2017,2506400,Gurinhém,2,448.15200000000004,134905.359,9544.74
2017,2506509,Gurjão,2,481.052,30537.216,8887.43
2017,2506608,Ibiara,2,445.7,47406.985,8001.18
2017,2506707,Imaculada,2,442.73600000000005,75523.207,6382.42
2017,2506806,Ingá,2,486.372,155990.91,8588.39
2017,2506905,Itabaiana,1,422.0,273667.518,11181.51
2017,2506905,Itabaiana,2,467.602,273667.518,11181.51
2017,2506905,Itabaiana,3,448.994,273667.518,11181.51
2017,2507002,Itaporanga,2,470.72200000000004,273903.618,11025.83
2017,2507101,Itapororoca,2,471.22800000000007,172236.299,9203.12
2017,2507200,Itatuba,2,465.88599999999997,105331.196,9684.74
2017,2507200,Itatuba,3,483.434,105331.196,9684.74
2017,2507309,Jacaraú,2,479.6940000000001,120942.089,8411.61
2017,2507408,Jericó,2,491.81800000000004,62622.694,8088.7
2017,2507507,João Pessoa,1,591.106,19740717.161,24323.27
2017,2507507,João Pessoa,2,491.58600000000007,19740717.161,24323.27
2017,2507606,Juarez Távora,2,468.658,63093.197,7936.25
2017,2507705,Juazeirinho,2,492.4599999999999,154338.079,8474.06
2017,2507804,Junco do Seridó,2,471.188,65186.816,9097.95
2017,2507903,Juripiranga,2,481.296,99768.772,9263.58
2017,2508000,Juru,2,441.916,74007.973,7499.79
2017,2508109,Lagoa,2,477.20799999999997,37793.393,8099.74
2017,2508208,Lagoa de Dentro,2,496.104,71622.065,9337.95
2017,2508307,Lagoa Seca,2,493.494,259416.974,9418.62
2017,2508406,Lastro,2,505.8860000000001,26081.467,9571.18
2017,2508505,Livramento,2,471.474,57242.391,7750.12
2017,2508554,Logradouro,2,483.924,37488.348,8631.9
2017,2508604,Lucena,2,486.90200000000004,187693.385,14304.81
2017,2508703,Mãe d'Água,2,490.81399999999996,31494.249,7855.89
2017,2508802,Malta,2,477.158,49597.028,8754.99
2017,2508901,Mamanguape,2,471.03600000000006,625219.82,13892.23
2017,2509008,Manaíra,2,470.01800000000003,72420.804,6512.66
2017,2509057,Marcação,2,449.654,72366.867,8428.47
2017,2509107,Mari,2,468.616,191180.141,8748.06
2017,2509156,Marizópolis,2,450.93600000000004,61343.867,9274.85
2017,2509206,Massaranduba,2,485.34000000000003,102104.493,7370.57
2017,2509206,Massaranduba,3,454.0879999999999,102104.493,7370.57
2017,2509305,Mataraca,2,471.582,185236.952,21880.1
2017,2509339,Matinhas,2,472.98,41685.744,9187.95
2017,2509370,Mato Grosso,2,498.046,25503.605,8749.09
2017,2509396,Maturéia,2,442.36199999999997,50511.628,7668.38
2017,2509404,Mogeiro,2,485.08599999999996,129980.708,9783.28
2017,2509503,Montadas,2,483.816,61436.969,10795.46
2017,2509602,Monte Horebe,2,482.65200000000004,36881.158,7643.76
2017,2509701,Monteiro,1,570.688,495875.903,14893.85
2017,2509701,Monteiro,2,463.70799999999997,495875.903,14893.85
2017,2509800,Mulungu,2,448.75200000000007,76930.418,7753.52
2017,2509909,Natuba,2,474.354,80816.491,7726.24
2017,2510006,Nazarezinho,2,457.53000000000003,57528.765,7884.97
2017,2510105,Nova Floresta,2,473.42599999999993,82902.65,7792.33
2017,2510204,Nova Olinda,2,484.88199999999995,47954.279,8067.68
2017,2510303,Nova Palmeira,2,513.2280000000001,39415.494,8027.6
2017,2510402,Olho d'Água,2,462.97799999999995,56661.675,8701.12
2017,2510402,Olho d'Água,3,495.34,56661.675,8701.12
2017,2510501,Olivedos,2,481.0,35220.343,8914.29
2017,2510501,Olivedos,3,502.196,35220.343,8914.29
2017,2510600,Ouro Velho,2,464.756,31211.605,10260.23
2017,2510659,Parari,2,470.918,18614.113,10522.39
2017,2510709,Passagem,2,475.038,24339.283,10040.96
2017,2510808,Patos,1,578.126,1712176.098,15884.37
2017,2510808,Patos,2,487.916,1712176.098,15884.37
2017,2510808,Patos,3,480.25200000000007,1712176.098,15884.37
2017,2510907,Paulista,2,504.758,119574.415,9715.18
2017,2511004,Pedra Branca,2,491.466,32502.167,8546.45
2017,2511103,Pedra Lavrada,2,468.924,68826.434,8474.07
2017,2511202,Pedras de Fogo,2,469.474,425426.352,14927.76
2017,2511202,Pedras de Fogo,3,473.774,425426.352,14927.76
2017,2511301,Piancó,2,478.12999999999994,179588.25,11160.79
2017,2511400,Picuí,1,567.3220000000001,176531.053,9421.52
2017,2511400,Picuí,2,470.45,176531.053,9421.52
2017,2511509,Pilar,2,476.988,92900.209,7781.89
2017,2511509,Pilar,3,399.08000000000004,92900.209,7781.89
2017,2511608,Pilões,2,441.504,87417.232,13231.0
2017,2511707,Pilõezinhos,2,451.25200000000007,43674.987,8597.44
2017,2511806,Pirpirituba,2,459.31399999999996,85035.686,8033.6
2017,2511905,Pitimbu,2,471.3,265289.528,13830.13
2017,2512002,Pocinhos,2,491.962,233676.377,12548.4
2017,2512036,Poço Dantas,2,449.784,33452.658,8873.38
2017,2512077,Poço de José de Moura,2,461.988,40621.787,9407.55
2017,2512101,Pombal,2,509.94800000000004,381280.241,11636.46
2017,2512200,Prata,2,461.192,49194.149,11771.75
2017,2512309,Princesa Isabel,1,538.558,212930.043,9065.1
2017,2512309,Princesa Isabel,2,476.51200000000006,212930.043,9065.1
2017,2512309,Princesa Isabel,3,409.24,212930.043,9065.1
2017,2512408,Puxinanã,2,482.73999999999995,97324.087,7096.18
2017,2512507,Queimadas,2,478.084,465675.316,10532.3
2017,2512606,Quixaba,2,471.512,22352.118,11380.92
2017,2512606,Quixaba,3,446.57,22352.118,11380.92
2017,2512705,Remígio,2,486.488,168974.162,8630.38
2017,2512721,Pedro Régis,2,465.98,46842.653,7680.38
2017,2512747,Riachão,2,457.26000000000005,30886.064,8562.81
2017,2512754,Riachão do Bacamarte,2,458.928,40960.365,9044.02
2017,2512762,Riachão do Poço,2,442.77200000000005,43856.38,9704.89
2017,2512788,Riacho de Santo Antônio,2,474.78000000000003,21693.255,10928.59
2017,2512804,Riacho dos Cavalos,2,494.474,70508.509,8190.09
2017,2512903,Rio Tinto,2,456.358,238589.253,9877.84
2017,2513000,Salgadinho,2,493.61199999999997,25438.86,6391.67
2017,2513109,Salgado de São Félix,2,461.78599999999994,111520.674,9182.44
2017,2513158,Santa Cecília,2,485.128,53031.412,8087.76
2017,2513208,Santa Cruz,2,467.928,55394.132,8412.17
2017,2513307,Santa Helena,2,487.924,49396.889,8390.84
2017,2513356,Santa Inês,2,473.67600000000004,29070.915,8084.24
2017,2513406,Santa Luzia,2,479.18199999999996,198366.525,12880.11
2017,2513505,Santana de Mangueira,2,492.04800000000006,40148.517,7782.23
2017,2513604,Santana dos Garrotes,2,446.684,53615.625,7633.2
2017,2513653,Joca Claudino,2,454.526,26687.196,9920.89
2017,2513703,Santa Rita,1,588.3399999999999,2222753.565,16242.14
2017,2513703,Santa Rita,2,467.32,2222753.565,16242.14
2017,2513802,Santa Teresinha,2,474.434,44621.836,9757.67
2017,2513851,Santo André,2,469.084,24161.012,9591.51
2017,2513901,São Bento,2,488.274,425782.469,12444.32
2017,2513927,São Bentinho,2,462.322,40296.815,8875.95
2017,2513943,São Domingos do Cariri,2,502.816,23775.087,9140.75
2017,2513943,São Domingos do Cariri,3,536.318,23775.087,9140.75
2017,2513968,São Domingos,2,489.96400000000006,28149.191,9022.18
2017,2513984,São Francisco,2,493.418,31962.394,9504.13
2017,2514008,São João do Cariri,2,481.81000000000006,42852.227,9974.91
2017,2514008,São João do Cariri,3,455.486,42852.227,9974.91
2017,2514107,São João do Tigre,2,466.98199999999997,34026.544,7693.09
2017,2514206,São José da Lagoa Tapada,2,454.05,57795.125,7526.39
2017,2514206,São José da Lagoa Tapada,3,364.91999999999996,57795.125,7526.39
2017,2514305,São José de Caiana,2,472.79799999999994,46277.945,7370.27
2017,2514404,São José de Espinharas,2,478.256,48504.716,10464.88
2017,2514453,São José dos Ramos,2,440.442,46980.585,7870.76
2017,2514503,São José de Piranhas,2,493.67600000000004,175932.199,8725.5
2017,2514552,São José de Princesa,2,451.898,29101.459,7574.56
2017,2514602,São José do Bonfim,2,460.438,27324.365,7662.47
2017,2514651,São José do Brejo do Cruz,2,468.038,23008.819,12740.21
2017,2514701,São José do Sabugi,2,476.09399999999994,59405.227,14331.78
2017,2514800,São José dos Cordeiros,2,453.046,28622.54,7712.89
2017,2514800,São José dos Cordeiros,3,419.19800000000004,28622.54,7712.89
2017,2514909,São Mamede,2,518.658,69263.167,8970.75
2017,2515005,São Miguel de Taipu,2,446.91,62372.739,8687.01
2017,2515005,São Miguel de Taipu,3,422.71999999999997,62372.739,8687.01
2017,2515104,São Sebastião de Lagoa de Roça,2,490.04799999999994,86630.555,7313.68
2017,2515104,São Sebastião de Lagoa de Roça,3,500.3,86630.555,7313.68
2017,2515203,São Sebastião do Umbuzeiro,2,439.45200000000006,31037.551,8878.02
2017,2515302,Sapé,2,476.86799999999994,529918.585,10055.95
2017,2515401,São Vicente do Seridó,2,469.19399999999996,68137.118,6147.34
2017,2515401,São Vicente do Seridó,3,469.88800000000003,68137.118,6147.34
2017,2515500,Serra Branca,2,477.07,117768.911,8591.88
2017,2515609,Serra da Raiz,2,466.678,31487.307,10088.85
2017,2515708,Serra Grande,2,437.186,48354.88,15598.35
2017,2515807,Serra Redonda,2,468.238,59669.442,8499.92
2017,2515906,Serraria,2,466.86199999999997,58897.496,9666.42
2017,2515930,Sertãozinho,2,473.938,46042.191,9128.11
2017,2515971,Sobrado,2,490.6719999999999,86885.117,11146.26
2017,2516003,Solânea,2,475.7700000000001,264120.516,10013.67
2017,2516102,Soledade,2,497.986,170486.524,11375.63
2017,2516151,Sossêgo,2,425.30600000000004,31230.7,8755.45
2017,2516201,Sousa,1,512.518,1085628.677,15608.43
2017,2516201,Sousa,2,503.276,1085628.677,15608.43
2017,2516201,Sousa,3,531.35,1085628.677,15608.43
2017,2516300,Sumé,2,498.988,174663.258,10300.36
2017,2516409,Tacima,2,457.98,74791.642,6819.7
2017,2516508,Taperoá,2,493.73999999999995,123155.324,8062.01
2017,2516607,Tavares,2,486.558,108712.912,7415.11
2017,2516607,Tavares,3,595.42,108712.912,7415.11
2017,2516706,Teixeira,2,467.646,135528.424,8921.63
2017,2516755,Tenório,2,507.938,28110.404,9168.43
2017,2516805,Triunfo,2,483.698,74712.717,7879.43
2017,2516904,Uiraúna,2,477.924,162923.714,10591.84
2017,2517001,Umbuzeiro,2,459.726,72567.138,7320.4
2017,2517100,Várzea,2,496.09399999999994,29715.289,10537.34
2017,2517209,Vieirópolis,2,485.16,41395.854,7725.99
2017,2517407,Zabelê,2,458.328,22410.807,9982.54
2018,2500106,Água Branca,2,510.39400000000006,79901.459,7863.54
2018,2500205,Aguiar,2,463.65,46220.879,8296.69
2018,2500304,Alagoa Grande,2,478.96999999999997,256889.736,8974.94
2018,2500403,Alagoa Nova,2,501.29200000000003,287713.251,13974.12
2018,2500502,Alagoinha,2,472.90999999999997,109852.111,7646.14
2018,2500536,Alcantil,2,490.04200000000003,42363.349,7740.43
2018,2500536,Alcantil,3,350.16,42363.349,7740.43
2018,2500577,Algodão de Jandaíra,2,469.78999999999996,25658.715,10312.99
2018,2500601,Alhandra,2,459.95200000000006,1704814.489,87917.82
2018,2500700,São João do Rio do Peixe,2,490.12600000000003,185443.778,10336.31
2018,2500700,São João do Rio do Peixe,3,427.17999999999995,185443.778,10336.31
2018,2500734,Amparo,2,440.332,25507.996,11453.97
2018,2500775,Aparecida,2,481.666,77955.944,9350.6
2018,2500809,Araçagi,2,480.46999999999997,155361.802,9096.66
2018,2500908,Arara,2,498.242,100898.781,7508.47
2018,2501005,Araruna,2,492.7299999999999,165477.91,8185.9
2018,2501104,Areia,2,484.68,234367.281,10199.64
2018,2501153,Areia de Baraúnas,2,443.032,19976.374,9334.75
2018,2501203,Areial,2,536.2280000000001,52167.365,7522.33
2018,2501203,Areial,3,502.97800000000007,52167.365,7522.33
2018,2501302,Aroeiras,2,498.75,153209.092,7983.8
2018,2501351,Assunção,2,499.01800000000003,37403.641,9665.02
2018,2501401,Baía da Traição,2,453.19000000000005,85944.886,9621.06
2018,2501500,Bananeiras,1,528.62,238642.697,11251.42
2018,2501500,Bananeiras,2,505.21799999999996,238642.697,11251.42
2018,2501534,Baraúna,2,467.86199999999997,41903.344,8673.84
2018,2501575,Barra de Santana,2,483.838,73459.507,8905.26
2018,2501609,Barra de Santa Rosa,2,488.508,127060.938,8322.04
2018,2501708,Barra de São Miguel,2,474.98,59063.331,9945.0
2018,2501807,Bayeux,2,475.86800000000005,1338139.802,13859.55
2018,2501807,Bayeux,3,471.61199999999997,1338139.802,13859.55
2018,2501906,Belém,2,470.38199999999995,181126.753,10267.96
2018,2502003,Belém do Brejo do Cruz,2,493.8,65859.644,8978.82
2018,2502052,Bernardino Batista,2,508.89199999999994,33267.031,9804.61
2018,2502102,Boa Ventura,2,484.24399999999997,43454.214,8012.95
2018,2502102,Boa Ventura,3,525.45,43454.214,8012.95
2018,2502151,Boa Vista,2,470.96400000000006,156070.954,22385.39
2018,2502201,Bom Jesus,2,494.34400000000005,27278.155,10709.92
2018,2502300,Bom Sucesso,2,472.712,41659.61,8341.93
2018,2502409,Bonito de Santa Fé,2,477.98199999999997,91431.072,7750.37
2018,2502508,Boqueirão,2,497.456,205674.905,11586.67
2018,2502607,Igaracy,2,500.178,53673.898,8676.67
2018,2502706,Borborema,2,466.122,59399.399,11010.08
2018,2502805,Brejo do Cruz,2,459.85600000000005,125107.386,8940.71
2018,2502904,Brejo dos Santos,2,494.01599999999996,53816.747,8365.73
2018,2503001,Caaporã,2,457.61400000000003,331124.421,15260.6
2018,2503001,Caaporã,3,392.38,331124.421,15260.6
2018,2503100,Cabaceiras,2,506.008,56686.557,10301.03
2018,2503209,Cabedelo,1,539.99,2732463.542,40978.76
2018,2503209,Cabedelo,2,466.21400000000006,2732463.542,40978.76
2018,2503308,Cachoeira dos Índios,2,499.20599999999996,111253.641,10926.5
2018,2503407,Cacimba de Areia,2,459.072,33970.285,9109.76
2018,2503506,Cacimba de Dentro,2,489.3,128194.771,7470.99
2018,2503555,Cacimbas,2,463.64400000000006,54318.839,7602.36
2018,2503605,Caiçara,2,457.99799999999993,57475.936,7882.05
2018,2503704,Cajazeiras,1,614.8639999999999,1064231.522,17227.26
2018,2503704,Cajazeiras,2,481.312,1064231.522,17227.26
2018,2503753,Cajazeirinhas,2,476.116,32677.108,10272.59
2018,2503803,Caldas Brandão,2,481.23199999999997,66657.666,11143.04
2018,2503902,Camalaú,2,492.86400000000003,62807.857,10478.45
2018,2504009,Campina Grande,1,595.8,9152679.008,22462.11
2018,2504009,Campina Grande,2,505.9459999999999,9152679.008,22462.11
2018,2504033,Capim,2,471.418,60016.668,9342.57
2018,2504074,Caraúbas,2,482.842,36338.744,8777.47
2018,2504108,Carrapateira,2,510.86400000000003,25778.963,9798.16
2018,2504157,Casserengue,2,511.01599999999996,60633.955,8159.6
2018,2504157,Casserengue,3,451.52,60633.955,8159.6
2018,2504207,Catingueira,2,463.89000000000004,43287.173,8782.14
2018,2504306,Catolé do Rocha,1,578.424,393493.464,12968.18
2018,2504306,Catolé do Rocha,2,490.986,393493.464,12968.18
2018,2504355,Caturité,2,484.646,55099.242,11462.29
2018,2504405,Conceição,2,464.642,170737.23,9031.8
2018,2504504,Condado,2,507.88199999999995,59963.371,9018.4
2018,2504603,Conde,2,461.69000000000005,712621.291,29298.25
2018,2504702,Congo,2,472.39399999999995,51573.296,10778.12
2018,2504801,Coremas,2,497.122,150014.004,9726.64
2018,2504850,Coxixola,2,476.282,20235.312,10611.07
2018,2504900,Cruz do Espírito Santo,2,462.28599999999994,133172.051,7668.55
2018,2505006,Cubati,2,518.12,65029.857,8376.9
2018,2505105,Cuité,2,498.946,204338.222,10044.65
2018,2505204,Cuitegi,2,453.66400000000004,56924.08,8342.97
2018,2505238,Cuité de Mamanguape,2,458.954,63299.546,9970.0
2018,2505279,Curral de Cima,2,456.37600000000003,48454.637,9243.54
2018,2505303,Curral Velho,2,489.07399999999996,22134.312,8779.97
2018,2505352,Damião,2,475.212,42137.881,7967.08
2018,2505402,Desterro,2,461.642,60648.594,7325.59
2018,2505501,Vista Serrana,2,476.78599999999994,33898.661,8984.54
2018,2505600,Diamante,2,470.54400000000004,53046.586,8067.92
2018,2505600,Diamante,3,443.7200000000001,53046.586,8067.92
2018,2505709,Dona Inês,2,468.646,80484.279,7717.35
2018,2505808,Duas Estradas,2,485.3620000000001,39447.496,10927.28
2018,2505907,Emas,2,522.8,33683.658,9610.17
2018,2506004,Esperança,1,644.192,403538.841,12227.34
2018,2506004,Esperança,2,500.274,403538.841,12227.34
2018,2506004,Esperança,3,444.76000000000005,403538.841,12227.34
2018,2506103,Fagundes,2,497.86199999999997,92542.104,8149.9
2018,2506103,Fagundes,3,414.51000000000005,92542.104,8149.9
2018,2506202,Frei Martinho,2,469.53000000000003,28626.491,9574.08
2018,2506251,Gado Bravo,2,501.666,64605.763,7647.46
2018,2506301,Guarabira,1,579.826,959200.623,16398.83
2018,2506301,Guarabira,2,484.212,959200.623,16398.83
2018,2506301,Guarabira,3,432.0,959200.623,16398.83
2018,2506400,Gurinhém,2,462.15200000000004,132790.843,9397.13
2018,2506509,Gurjão,2,473.246,31539.932,9268.27
2018,2506608,Ibiara,2,457.61199999999997,48669.445,8171.5
2018,2506707,Imaculada,2,462.552,76537.084,6491.7
2018,2506806,Ingá,2,485.342,165949.974,9168.0
2018,2506905,Itabaiana,1,567.992,287142.834,11702.44
2018,2506905,Itabaiana,2,470.692,287142.834,11702.44
2018,2507002,Itaporanga,1,568.952,279754.902,11347.7
2018,2507002,Itaporanga,2,465.39799999999997,279754.902,11347.7
2018,2507101,Itapororoca,2,461.98600000000005,172663.545,9332.66
2018,2507200,Itatuba,2,495.0780000000001,111435.006,10317.1
2018,2507200,Itatuba,3,459.23999999999995,111435.006,10317.1
2018,2507309,Jacaraú,2,491.366,125941.842,8777.05
2018,2507408,Jericó,2,502.634,64623.045,8357.87
2018,2507507,João Pessoa,1,617.656,19810216.213,24752.78
2018,2507507,João Pessoa,2,501.45,19810216.213,24752.78
2018,2507507,João Pessoa,3,484.4,19810216.213,24752.78
2018,2507606,Juarez Távora,2,464.95,62800.419,7953.45
2018,2507705,Juazeirinho,2,485.128,172349.094,9553.19
2018,2507705,Juazeirinho,3,533.18,172349.094,9553.19
2018,2507804,Junco do Seridó,2,464.9799999999999,69906.306,9840.41
2018,2507903,Juripiranga,2,475.296,97969.334,9141.49
2018,2507903,Juripiranga,3,400.12,97969.334,9141.49
2018,2508000,Juru,2,466.554,73573.122,7442.15
2018,2508109,Lagoa,2,460.98,37903.891,8100.85
2018,2508208,Lagoa de Dentro,2,474.41399999999993,72719.366,9514.51
2018,2508307,Lagoa Seca,2,492.896,272293.658,9943.17
2018,2508406,Lastro,2,490.524,26243.645,9546.61
2018,2508505,Livramento,2,507.842,56863.045,7714.43
2018,2508554,Logradouro,2,478.858,40157.884,9352.09
2018,2508604,Lucena,2,469.29200000000003,193942.16,14983.17
2018,2508703,Mãe d'Água,2,481.63800000000003,32570.071,8102.01
2018,2508802,Malta,2,470.674,54406.215,9435.69
2018,2508901,Mamanguape,2,483.546,636866.487,14261.29
2018,2509008,Manaíra,2,464.53999999999996,75929.771,6845.45
2018,2509057,Marcação,2,445.534,76636.854,9058.73
2018,2509107,Mari,2,494.558,200780.524,9206.74
2018,2509156,Marizópolis,2,453.424,62284.801,9487.4
2018,2509206,Massaranduba,2,464.04400000000004,108062.091,7863.64
2018,2509305,Mataraca,2,465.088,228469.8,27437.23
2018,2509339,Matinhas,2,455.58000000000004,46850.562,10374.35
2018,2509370,Mato Grosso,2,507.678,25940.223,8978.96
2018,2509396,Maturéia,2,475.832,51350.859,7892.85
2018,2509404,Mogeiro,2,487.13599999999997,128304.358,9641.15
2018,2509503,Montadas,2,494.25199999999995,46844.134,8368.01
2018,2509602,Monte Horebe,2,462.108,36490.698,7619.69
2018,2509701,Monteiro,1,591.246,523756.683,15868.05
2018,2509701,Monteiro,2,481.73600000000005,523756.683,15868.05
2018,2509800,Mulungu,2,422.22799999999995,76534.666,7747.99
2018,2509909,Natuba,2,483.08000000000004,81796.427,7821.42
2018,2510006,Nazarezinho,2,483.066,58108.02,7946.94
2018,2510105,Nova Floresta,2,471.11800000000005,84849.365,7966.33
2018,2510204,Nova Olinda,2,488.188,48724.525,8150.64
2018,2510303,Nova Palmeira,2,503.05999999999995,41783.533,8632.96
2018,2510402,Olho d'Água,2,466.84,54295.816,8236.62
2018,2510501,Olivedos,2,409.36,36492.737,9328.41
2018,2510501,Olivedos,3,491.88599999999997,36492.737,9328.41
2018,2510600,Ouro Velho,2,462.7799999999999,30760.373,10141.9
2018,2510659,Parari,2,500.392,18847.169,10552.73
2018,2510709,Passagem,2,435.51599999999996,23466.778,9769.68
2018,2510808,Patos,1,577.008,1714452.61,16025.32
2018,2510808,Patos,2,486.1919999999999,1714452.61,16025.32
2018,2510808,Patos,3,549.456,1714452.61,16025.32
2018,2510907,Paulista,2,536.7719999999999,133546.921,10892.9
2018,2511004,Pedra Branca,2,491.82199999999995,30947.672,8144.12
2018,2511103,Pedra Lavrada,2,492.85,71563.908,9215.03
2018,2511202,Pedras de Fogo,2,464.924,393916.898,13875.69
2018,2511301,Piancó,2,468.116,185591.468,11571.98
2018,2511301,Piancó,3,375.06000000000006,185591.468,11571.98
2018,2511400,Picuí,1,567.848,181821.511,9719.96
2018,2511400,Picuí,2,482.0,181821.511,9719.96
2018,2511509,Pilar,2,482.8639999999999,97032.894,8184.98
2018,2511509,Pilar,3,376.28000000000003,97032.894,8184.98
2018,2511608,Pilões,2,467.908,76198.778,11407.0
2018,2511608,Pilões,3,526.0799999999999,76198.778,11407.0
2018,2511707,Pilõezinhos,2,474.4,47302.241,9265.87
2018,2511806,Pirpirituba,2,495.284,87566.308,8282.85
2018,2511905,Pitimbu,2,448.3639999999999,257659.472,13629.89
2018,2512002,Pocinhos,2,511.942,230941.861,12531.44
2018,2512036,Poço Dantas,2,484.14,34385.045,9103.8
2018,2512077,Poço de José de Moura,2,455.438,40473.709,9465.32
2018,2512101,Pombal,2,524.058,391718.776,11961.24
2018,2512200,Prata,2,482.032,52745.201,12737.31
2018,2512309,Princesa Isabel,1,513.518,226137.202,9741.0
2018,2512309,Princesa Isabel,2,499.31800000000004,226137.202,9741.0
2018,2512408,Puxinanã,2,487.092,103402.162,7586.37
2018,2512507,Queimadas,2,491.838,484723.377,11037.26
2018,2512606,Quixaba,2,514.164,22603.664,11717.81
2018,2512705,Remígio,2,481.688,166495.095,8608.85
2018,2512721,Pedro Régis,2,469.0580000000001,48159.542,7941.88
2018,2512747,Riachão,2,471.62,31896.821,8949.73
2018,2512754,Riachão do Bacamarte,2,465.60999999999996,42204.833,9378.85
2018,2512762,Riachão do Poço,2,478.61800000000005,45065.049,10065.9
2018,2512788,Riacho de Santo Antônio,2,501.254,24934.985,12780.62
2018,2512804,Riacho dos Cavalos,2,451.854,73247.861,8530.09
2018,2512903,Rio Tinto,2,463.004,244359.989,10144.47
2018,2513000,Salgadinho,2,471.488,26935.362,6873.02
2018,2513109,Salgado de São Félix,2,446.678,125549.737,10334.16
2018,2513158,Santa Cecília,2,477.09000000000003,53260.375,8101.67
2018,2513208,Santa Cruz,2,485.076,54432.771,8266.18
2018,2513307,Santa Helena,2,500.56000000000006,51808.227,8770.65
2018,2513356,Santa Inês,2,463.87000000000006,29635.035,8238.82
2018,2513406,Santa Luzia,2,480.27799999999996,218817.647,14268.23
2018,2513505,Santana de Mangueira,2,481.89799999999997,42289.751,8135.77
2018,2513604,Santana dos Garrotes,2,457.60200000000003,55669.877,7866.31
2018,2513653,Joca Claudino,2,442.308,27343.988,10183.98
2018,2513703,Santa Rita,1,571.8799999999999,2382775.58,17545.31
2018,2513703,Santa Rita,2,482.242,2382775.58,17545.31
2018,2513802,Santa Teresinha,2,473.85200000000003,43939.068,9583.22
2018,2513851,Santo André,2,472.026,25552.059,10091.65
2018,2513901,São Bento,2,493.54799999999994,434317.377,12851.15
2018,2513927,São Bentinho,2,477.994,46242.2,10294.35
2018,2513943,São Domingos do Cariri,2,525.11,23920.049,9267.74
2018,2513943,São Domingos do Cariri,3,538.696,23920.049,9267.74
2018,2513968,São Domingos,2,498.866,28938.62,9374.35
2018,2513984,São Francisco,2,485.466,33991.957,10083.64
2018,2514008,São João do Cariri,2,483.404,44577.375,10335.58
2018,2514107,São João do Tigre,2,474.938,34985.255,7897.35
2018,2514206,São José da Lagoa Tapada,2,471.73199999999997,58804.727,7656.87
2018,2514305,São José de Caiana,2,459.49799999999993,47225.854,7550.1
2018,2514404,São José de Espinharas,2,465.31000000000006,47289.995,10137.19
2018,2514453,São José dos Ramos,2,451.212,47510.784,8032.25
2018,2514503,São José de Piranhas,2,480.58599999999996,190391.413,9494.41
2018,2514552,São José de Princesa,2,463.03600000000006,29427.718,7530.12
2018,2514602,São José do Bonfim,2,430.264,28684.606,8135.17
2018,2514651,São José do Brejo do Cruz,2,463.20599999999996,23717.481,13242.59
2018,2514701,São José do Sabugi,2,483.684,117398.209,28398.21
2018,2514800,São José dos Cordeiros,2,470.9820000000001,30913.899,8303.49
2018,2514800,São José dos Cordeiros,3,457.404,30913.899,8303.49
2018,2514909,São Mamede,2,524.028,70472.773,9099.13
2018,2515005,São Miguel de Taipu,2,481.162,65150.039,9145.15
2018,2515104,São Sebastião de Lagoa de Roça,2,487.838,94446.278,8035.93
2018,2515203,São Sebastião do Umbuzeiro,2,470.10999999999996,32515.158,9381.18
2018,2515302,Sapé,2,474.04400000000004,551441.597,10515.07
2018,2515401,São Vicente do Seridó,2,461.96399999999994,72695.685,6776.26
2018,2515401,São Vicente do Seridó,3,520.54,72695.685,6776.26
2018,2515500,Serra Branca,2,500.404,124865.708,9161.09
2018,2515609,Serra da Raiz,2,476.40999999999997,32307.452,10285.72
2018,2515708,Serra Grande,2,459.66999999999996,27890.023,9028.82
2018,2515807,Serra Redonda,2,486.794,60231.461,8554.39
2018,2515906,Serraria,2,482.83599999999996,57408.622,9363.66
2018,2515930,Sertãozinho,2,498.592,47487.565,9577.97
2018,2515971,Sobrado,2,510.672,87665.109,11310.17
2018,2516003,Solânea,2,485.762,281837.703,10598.59
2018,2516102,Soledade,2,489.93999999999994,165719.509,11169.34
2018,2516151,Sossêgo,2,533.0899999999999,32629.147,9280.19
2018,2516201,Sousa,1,517.2280000000001,1111339.476,16068.88
2018,2516201,Sousa,2,502.81399999999996,1111339.476,16068.88
2018,2516300,Sumé,2,480.03999999999996,173818.598,10307.08
2018,2516409,Tacima,2,471.87600000000003,76929.299,7066.16
2018,2516508,Taperoá,2,500.95199999999994,122290.931,8053.4
2018,2516607,Tavares,2,478.462,115063.119,7873.49
2018,2516706,Teixeira,2,460.654,137425.367,9117.93
2018,2516755,Tenório,2,483.81000000000006,28253.039,9309.07
2018,2516805,Triunfo,2,481.75,73384.478,7752.43
2018,2516904,Uiraúna,2,471.4539999999999,164775.616,10769.65
2018,2517001,Umbuzeiro,2,443.4219999999999,74204.147,7493.85
2018,2517100,Várzea,2,506.22799999999995,30164.984,10854.62
2018,2517209,Vieirópolis,2,469.64799999999997,41975.766,7885.73
2018,2517407,Zabelê,2,435.588,23807.972,10700.21
2019,2500106,Água Branca,2,470.58599999999996,82544.251,8065.69
2019,2500205,Aguiar,2,467.2,50141.432,8890.32
2019,2500304,Alagoa Grande,2,480.05199999999996,276069.189,9688.0
2019,2500403,Alagoa Nova,2,487.03000000000003,325789.766,15626.16
2019,2500502,Alagoinha,2,474.14,114817.737,7924.48
2019,2500536,Alcantil,2,503.28600000000006,43762.403,7968.39
2019,2500577,Algodão de Jandaíra,2,450.352,26861.52,10464.17
2019,2500601,Alhandra,2,481.814,1887485.875,96359.3
2019,2500700,São João do Rio do Peixe,2,469.468,190655.256,10571.99
2019,2500700,São João do Rio do Peixe,3,495.378,190655.256,10571.99
2019,2500734,Amparo,2,462.326,26161.689,11689.76
2019,2500775,Aparecida,2,489.0080000000001,85299.53,10219.18
2019,2500809,Araçagi,2,472.97799999999995,162869.914,9587.92
2019,2500908,Arara,2,507.87600000000003,105689.525,7846.29
2019,2501005,Araruna,2,484.0559999999999,172769.204,8505.77
2019,2501104,Areia,2,489.854,228778.141,10025.77
2019,2501153,Areia de Baraúnas,2,443.954,20538.017,9651.32
2019,2501203,Areial,2,529.162,54729.471,7820.73
2019,2501203,Areial,3,501.38,54729.471,7820.73
2019,2501302,Aroeiras,2,484.5280000000001,145995.573,7622.6
2019,2501351,Assunção,2,479.93199999999996,39254.641,9838.26
2019,2501401,Baía da Traição,2,470.166,88850.952,9880.01
2019,2501500,Bananeiras,1,499.56200000000007,236497.319,11093.79
2019,2501500,Bananeiras,2,499.596,236497.319,11093.79
2019,2501534,Baraúna,2,461.70199999999994,44409.621,9078.01
2019,2501575,Barra de Santana,2,489.0,77378.674,9256.93
2019,2501575,Barra de Santana,3,495.34,77378.674,9256.93
2019,2501609,Barra de Santa Rosa,2,474.62399999999997,134229.474,8725.26
2019,2501708,Barra de São Miguel,2,477.78999999999996,65331.326,10823.61
2019,2501807,Bayeux,2,483.36199999999997,1388145.464,14328.5
2019,2501807,Bayeux,3,446.78000000000003,1388145.464,14328.5
2019,2501906,Belém,2,455.404,189864.124,10741.35
2019,2502003,Belém do Brejo do Cruz,2,495.33000000000004,68207.433,9290.03
2019,2502052,Bernardino Batista,2,492.74399999999997,36158.143,10327.95
2019,2502102,Boa Ventura,2,445.774,44104.813,8219.31
2019,2502151,Boa Vista,2,453.754,145468.213,20630.86
2019,2502201,Bom Jesus,2,456.35,29363.211,11465.53
2019,2502409,Bonito de Santa Fé,2,490.816,94660.284,7943.3
2019,2502508,Boqueirão,2,483.488,216451.09,12157.44
2019,2502607,Igaracy,2,475.992,55213.576,9026.25
2019,2502706,Borborema,2,429.082,58351.399,11087.1
2019,2502805,Brejo do Cruz,2,447.68999999999994,128264.749,9082.62
2019,2502904,Brejo dos Santos,2,477.37199999999996,54999.169,8528.33
2019,2503001,Caaporã,2,443.59,364268.665,16688.14
2019,2503100,Cabaceiras,2,535.988,58506.233,10427.06
2019,2503209,Cabedelo,1,545.01,2921992.253,43137.95
2019,2503209,Cabedelo,2,465.01599999999996,2921992.253,43137.95
2019,2503308,Cachoeira dos Índios,2,466.99800000000005,112016.303,10934.82
2019,2503407,Cacimba de Areia,2,474.496,34861.232,9468.02
2019,2503506,Cacimba de Dentro,2,492.072,133638.537,7775.56
2019,2503555,Cacimbas,2,430.29200000000003,57174.823,7970.84
2019,2503605,Caiçara,2,495.00600000000003,59260.975,8229.55
2019,2503704,Cajazeiras,1,594.65,1128058.014,18196.54
2019,2503704,Cajazeiras,2,490.35,1128058.014,18196.54
2019,2503753,Cajazeirinhas,2,478.03599999999994,35383.526,11081.59
2019,2503803,Caldas Brandão,2,459.236,65812.505,10943.22
2019,2503902,Camalaú,2,469.582,59950.03,9970.07
2019,2504009,Campina Grande,1,588.4939999999999,9507631.551,23204.57
2019,2504009,Campina Grande,2,502.302,9507631.551,23204.57
2019,2504009,Campina Grande,3,453.65999999999997,9507631.551,23204.57
2019,2504033,Capim,2,445.31399999999996,62121.936,9523.52
2019,2504074,Caraúbas,2,458.794,39056.618,9384.1
2019,2504108,Carrapateira,2,487.072,27407.501,10307.45
2019,2504157,Casserengue,2,509.00200000000007,61164.948,8190.27
2019,2504157,Casserengue,3,490.48,61164.948,8190.27
2019,2504207,Catingueira,2,482.52799999999996,45261.093,9177.03
2019,2504306,Catolé do Rocha,1,576.4399999999999,438049.624,14340.65
2019,2504306,Catolé do Rocha,2,492.718,438049.624,14340.65
2019,2504355,Caturité,2,512.464,52203.272,10759.12
2019,2504405,Conceição,2,447.23400000000004,180181.136,9492.21
2019,2504504,Condado,2,496.104,60219.502,9050.12
2019,2504603,Conde,2,451.77200000000005,809844.256,32827.09
2019,2504702,Congo,2,468.116,51455.865,10751.33
2019,2504801,Coremas,2,503.294,142400.544,9219.85
2019,2504850,Coxixola,2,485.52799999999996,20761.66,10807.74
2019,2504900,Cruz do Espírito Santo,2,453.33599999999996,151569.639,8751.64
2019,2505006,Cubati,2,510.312,66083.054,8475.45
2019,2505105,Cuité,2,510.09399999999994,209906.678,10320.91
2019,2505204,Cuitegi,2,460.62199999999996,63756.511,9371.82
2019,2505238,Cuité de Mamanguape,2,467.454,60490.178,9521.51
2019,2505279,Curral de Cima,2,472.948,49156.989,9404.44
2019,2505303,Curral Velho,2,468.15,23362.268,9285.48
2019,2505352,Damião,2,457.004,42879.617,8044.96
2019,2505402,Desterro,2,475.908,61524.058,7415.22
2019,2505501,Vista Serrana,2,490.032,35561.38,9363.19
2019,2505600,Diamante,2,485.68799999999993,55005.197,8395.18
2019,2505709,Dona Inês,2,498.67599999999993,82105.903,7854.77
2019,2505808,Duas Estradas,2,455.87,40406.485,11236.51
2019,2505907,Emas,2,458.19399999999996,34100.735,9682.21
2019,2506004,Esperança,1,593.2280000000001,440223.778,13337.29
2019,2506004,Esperança,2,500.404,440223.778,13337.29
2019,2506103,Fagundes,2,493.392,93281.161,8289.45
2019,2506103,Fagundes,3,482.32,93281.161,8289.45
2019,2506202,Frei Martinho,2,449.246,29973.58,10027.96
2019,2506251,Gado Bravo,2,483.12800000000004,66691.138,8019.62
2019,2506301,Guarabira,1,568.1139999999999,1086632.218,18469.77
2019,2506301,Guarabira,2,479.20799999999997,1086632.218,18469.77
2019,2506400,Gurinhém,2,465.758,130026.531,9202.81
2019,2506509,Gurjão,2,456.73600000000005,32356.637,9438.93
2019,2506608,Ibiara,2,460.95200000000006,49676.893,8378.63
2019,2506707,Imaculada,2,447.8639999999999,83882.785,7097.28
2019,2506806,Ingá,2,493.366,179280.002,9903.33
2019,2506905,Itabaiana,1,543.62,308010.878,12583.69
2019,2506905,Itabaiana,2,461.51800000000003,308010.878,12583.69
2019,2506905,Itabaiana,3,483.7799999999999,308010.878,12583.69
2019,2507002,Itaporanga,1,586.3800000000001,299851.792,12143.68
2019,2507002,Itaporanga,2,470.67800000000005,299851.792,12143.68
2019,2507101,Itapororoca,2,468.12,182845.466,9796.69
2019,2507200,Itatuba,2,478.14399999999995,124482.306,11355.8
2019,2507200,Itatuba,3,343.96,124482.306,11355.8
2019,2507309,Jacaraú,2,490.62399999999997,135501.695,9389.63
2019,2507408,Jericó,2,463.012,68120.164,8802.19
2019,2507507,João Pessoa,1,606.1020000000001,20846013.924,25767.15
2019,2507507,João Pessoa,2,498.312,20846013.924,25767.15
2019,2507606,Juarez Távora,2,464.81800000000004,62262.637,7845.59
2019,2507705,Juazeirinho,2,500.04800000000006,184579.304,10157.91
2019,2507804,Junco do Seridó,2,495.70200000000006,72918.116,10198.34
2019,2507903,Juripiranga,2,460.35599999999994,103484.503,9621.1
2019,2508000,Juru,2,498.02,75825.403,7684.75
2019,2508109,Lagoa,2,504.456,40084.81,8590.83
2019,2508208,Lagoa de Dentro,2,499.538,74350.545,9632.15
2019,2508307,Lagoa Seca,2,471.616,280829.976,10210.89
2019,2508406,Lastro,2,453.33000000000004,26142.414,9551.48
2019,2508505,Livramento,2,492.70799999999997,58077.624,8004.08
2019,2508554,Logradouro,2,512.9300000000001,41638.341,9611.81
2019,2508604,Lucena,2,460.09800000000007,181992.818,13913.82
2019,2508703,Mãe d'Água,2,482.20200000000006,33678.66,8400.76
2019,2508802,Malta,2,485.082,53654.715,9316.67
2019,2508901,Mamanguape,2,480.45799999999997,689371.254,15359.64
2019,2509008,Manaíra,2,449.39399999999995,79276.069,7236.52
2019,2509057,Marcação,2,415.212,80691.304,9428.76
2019,2509107,Mari,2,487.21000000000004,216413.985,9910.43
2019,2509156,Marizópolis,2,448.096,69767.327,10543.65
2019,2509206,Massaranduba,2,465.78200000000004,113384.798,8146.63
2019,2509206,Massaranduba,3,437.2,113384.798,8146.63
2019,2509305,Mataraca,2,458.20400000000006,204885.768,24292.83
2019,2509339,Matinhas,2,457.592,49239.293,10942.07
2019,2509370,Mato Grosso,2,498.704,27427.428,9431.72
2019,2509396,Maturéia,2,476.40199999999993,54063.833,8230.15
2019,2509404,Mogeiro,2,474.14,135376.285,10190.93
2019,2509503,Montadas,2,481.178,48751.27,8599.62
2019,2509602,Monte Horebe,2,467.85600000000005,36239.469,7524.81
2019,2509701,Monteiro,1,568.4599999999999,576910.601,17365.32
2019,2509701,Monteiro,2,449.288,576910.601,17365.32
2019,2509800,Mulungu,2,458.696,81246.877,8205.1
2019,2509909,Natuba,2,475.872,85890.476,8216.04
2019,2510006,Nazarezinho,2,496.70200000000006,58978.539,8078.15
2019,2510105,Nova Floresta,2,465.26800000000003,88923.754,8359.07
2019,2510204,Nova Olinda,2,474.04200000000003,51578.647,8670.14
2019,2510303,Nova Palmeira,2,520.558,43449.102,8856.32
2019,2510402,Olho d'Água,2,444.616,54960.272,8421.74
2019,2510501,Olivedos,2,532.592,38411.159,9768.86
2019,2510600,Ouro Velho,2,446.13599999999997,31562.077,10385.68
2019,2510659,Parari,2,507.44800000000004,20120.676,11361.19
2019,2510709,Passagem,2,465.74799999999993,23847.883,9858.57
2019,2510808,Patos,1,571.116,1914108.978,17788.29
2019,2510808,Patos,2,491.30999999999995,1914108.978,17788.29
2019,2510808,Patos,3,688.3,1914108.978,17788.29
2019,2510907,Paulista,2,523.942,137826.459,11162.75
2019,2511004,Pedra Branca,2,474.87600000000003,32176.454,8465.26
2019,2511103,Pedra Lavrada,2,488.55,71904.378,9167.97
2019,2511202,Pedras de Fogo,2,458.608,414400.623,14561.83
2019,2511301,Piancó,2,473.566,189519.514,11789.71
2019,2511301,Piancó,3,393.63,189519.514,11789.71
2019,2511400,Picuí,1,571.87,192775.244,10307.18
2019,2511400,Picuí,2,494.00200000000007,192775.244,10307.18
2019,2511509,Pilar,2,469.45799999999997,103678.735,8700.07
2019,2511608,Pilões,2,467.27,74875.805,11284.97
2019,2511707,Pilõezinhos,2,480.162,49336.163,9914.82
2019,2511806,Pirpirituba,2,476.88599999999997,88954.954,8408.64
2019,2511905,Pitimbu,2,449.79799999999994,318574.432,16709.91
2019,2512002,Pocinhos,2,521.234,242455.491,13060.52
2019,2512036,Poço Dantas,2,460.012,36982.476,9511.95
2019,2512077,Poço de José de Moura,2,479.804,41562.558,9650.0
2019,2512101,Pombal,2,520.0719999999999,415780.791,12675.86
2019,2512101,Pombal,3,508.48,415780.791,12675.86
2019,2512200,Prata,2,472.15199999999993,52305.819,12427.14
2019,2512309,Princesa Isabel,1,520.024,251495.994,10773.01
2019,2512309,Princesa Isabel,2,492.80600000000004,251495.994,10773.01
2019,2512408,Puxinanã,2,483.396,108222.173,7910.98
2019,2512507,Queimadas,2,479.064,508783.065,11571.93
2019,2512606,Quixaba,2,451.46000000000004,23064.465,11791.65
2019,2512705,Remígio,2,484.59800000000007,174139.211,8875.14
2019,2512721,Pedro Régis,2,469.9700000000001,49891.395,8193.69
2019,2512747,Riachão,2,460.03000000000003,31569.188,8798.55
2019,2512754,Riachão do Bacamarte,2,452.05999999999995,45203.751,9998.62
2019,2512762,Riachão do Poço,2,481.63800000000003,47441.309,10521.47
2019,2512788,Riacho de Santo Antônio,2,508.03000000000003,26247.433,13474.04
2019,2512804,Riacho dos Cavalos,2,429.96400000000006,82051.6,9623.69
2019,2512903,Rio Tinto,2,468.78599999999994,266761.472,11034.14
2019,2513000,Salgadinho,2,485.4,27903.744,7182.43
2019,2513109,Salgado de São Félix,2,456.37600000000003,117940.573,9715.04
2019,2513158,Santa Cecília,2,465.5879999999999,54402.832,8295.64
2019,2513208,Santa Cruz,2,516.4680000000001,56359.774,8561.41
2019,2513307,Santa Helena,2,481.72800000000007,53391.142,9066.25
2019,2513356,Santa Inês,2,449.904,31237.07,8689.03
2019,2513406,Santa Luzia,2,468.166,224904.903,14621.3
2019,2513505,Santana de Mangueira,2,453.428,43959.389,8515.96
2019,2513604,Santana dos Garrotes,2,474.012,56924.804,8096.26
2019,2513653,Joca Claudino,2,414.11800000000005,28513.131,10816.82
2019,2513703,Santa Rita,1,574.7360000000001,2568775.38,18807.02
2019,2513703,Santa Rita,2,468.88200000000006,2568775.38,18807.02
2019,2513802,Santa Teresinha,2,475.468,44868.089,9811.52
2019,2513851,Santo André,2,478.912,26240.069,10408.6
2019,2513901,São Bento,2,497.218,475598.024,13975.43
2019,2513927,São Bentinho,2,480.98,48814.036,10778.1
2019,2513943,São Domingos do Cariri,2,503.25200000000007,24657.164,9429.13
2019,2513943,São Domingos do Cariri,3,554.422,24657.164,9429.13
2019,2513968,São Domingos,2,456.56000000000006,29978.437,9755.43
2019,2513984,São Francisco,2,494.558,35071.928,10339.6
2019,2514008,São João do Cariri,2,476.15200000000004,44396.853,10573.2
2019,2514008,São João do Cariri,3,436.98,44396.853,10573.2
2019,2514107,São João do Tigre,2,469.134,35335.206,7990.77
2019,2514206,São José da Lagoa Tapada,2,457.04800000000006,62359.396,8172.92
2019,2514305,São José de Caiana,2,438.29200000000003,47852.006,7525.08
2019,2514404,São José de Espinharas,2,481.04800000000006,45088.129,9630.1
2019,2514453,São José dos Ramos,2,448.996,48448.747,8133.08
2019,2514503,São José de Piranhas,2,468.9799999999999,204437.824,10095.2
2019,2514552,São José de Princesa,2,438.23999999999995,30640.087,7654.28
2019,2514602,São José do Bonfim,2,435.37,29332.017,8246.28
2019,2514651,São José do Brejo do Cruz,2,442.704,25235.183,14011.76
2019,2514701,São José do Sabugi,2,466.696,94218.618,22752.62
2019,2514800,São José dos Cordeiros,2,489.558,32197.849,8874.82
2019,2514800,São José dos Cordeiros,3,434.666,32197.849,8874.82
2019,2514909,São Mamede,2,509.378,70042.189,9068.12
2019,2515005,São Miguel de Taipu,2,471.128,68315.511,9271.92
2019,2515104,São Sebastião de Lagoa de Roça,2,506.23400000000004,94616.939,8113.96
2019,2515104,São Sebastião de Lagoa de Roça,3,355.48,94616.939,8113.96
2019,2515203,São Sebastião do Umbuzeiro,2,450.062,32817.671,9406.04
2019,2515302,Sapé,2,481.98,609458.544,11581.16
2019,2515401,São Vicente do Seridó,2,479.3540000000001,72477.734,6726.47
2019,2515401,São Vicente do Seridó,3,428.86,72477.734,6726.47
2019,2515500,Serra Branca,2,489.834,130600.732,9533.6
2019,2515609,Serra da Raiz,2,461.79799999999994,33045.047,10497.16
2019,2515708,Serra Grande,2,436.62,27991.651,9622.43
2019,2515807,Serra Redonda,2,473.36,64516.682,9163.0
2019,2515906,Serraria,2,456.73,57631.517,9449.34
2019,2515930,Sertãozinho,2,478.696,48449.487,9643.61
2019,2515971,Sobrado,2,513.482,94272.638,12112.63
2019,2516003,Solânea,2,489.26599999999996,300660.342,11385.63
2019,2516102,Soledade,2,497.826,177928.178,11870.58
2019,2516151,Sossêgo,2,490.88599999999997,34134.101,9601.72
2019,2516201,Sousa,1,555.2560000000001,1176421.346,16940.58
2019,2516201,Sousa,2,509.31800000000004,1176421.346,16940.58
2019,2516300,Sumé,2,474.038,184530.76,10876.5
2019,2516409,Tacima,2,496.954,79757.78,7309.85
2019,2516508,Taperoá,2,514.1859999999999,119112.947,7746.68
2019,2516607,Tavares,2,499.646,120693.498,8195.95
2019,2516706,Teixeira,2,475.412,143749.613,9481.54
2019,2516755,Tenório,2,508.274,29480.338,9640.4
2019,2516805,Triunfo,2,477.776,74812.33,7912.46
2019,2516904,Uiraúna,2,472.802,173817.558,11403.85
2019,2517001,Umbuzeiro,2,471.058,76567.049,7728.58
2019,2517100,Várzea,2,489.10600000000005,31479.072,11202.52
2019,2517209,Vieirópolis,2,480.37199999999996,41818.69,7819.5
2019,2517407,Zabelê,2,457.05,23477.103,10480.85
2020,2500106,Água Branca,2,485.26599999999996,86555.838,8398.59
2020,2500205,Aguiar,2,460.808,55808.344,9912.67
2020,2500304,Alagoa Grande,2,479.372,281480.23,9897.68
2020,2500403,Alagoa Nova,2,505.566,331770.266,15858.24
2020,2500502,Alagoinha,2,470.716,122809.51,8434.72
2020,2500536,Alcantil,2,517.52,47930.979,8700.49
2020,2500577,Algodão de Jandaíra,2,459.884,26072.278,10117.3
2020,2500601,Alhandra,2,464.95,2216315.602,112349.35
2020,2500700,São João do Rio do Peixe,2,476.6540000000001,210505.309,11677.87
2020,2500734,Amparo,2,429.5400000000001,27750.295,12327.99
2020,2500775,Aparecida,2,480.76800000000003,89771.192,10666.73
2020,2500809,Araçagi,2,468.726,170227.968,10060.16
2020,2500908,Arara,2,492.158,107020.19,7902.83
2020,2501005,Araruna,2,483.78599999999994,185758.613,9077.78
2020,2501005,Araruna,3,286.5,185758.613,9077.78
2020,2501104,Areia,2,476.158,243317.192,10739.64
2020,2501153,Areia de Baraúnas,2,460.892,22129.453,10458.15
2020,2501203,Areial,2,473.91999999999996,60493.276,8608.69
2020,2501203,Areial,3,488.43999999999994,60493.276,8608.69
2020,2501302,Aroeiras,2,476.54200000000003,150934.928,7895.74
2020,2501351,Assunção,2,427.89,42999.471,10672.49
2020,2501401,Baía da Traição,2,447.81000000000006,94182.801,10354.31
2020,2501500,Bananeiras,1,536.5559999999999,249050.781,11709.57
2020,2501500,Bananeiras,2,496.76000000000005,249050.781,11709.57
2020,2501534,Baraúna,2,477.39400000000006,46872.69,9442.52
2020,2501575,Barra de Santana,2,454.65599999999995,81033.256,9705.74
2020,2501609,Barra de Santa Rosa,2,495.438,138437.178,8933.16
2020,2501708,Barra de São Miguel,2,493.392,72192.853,11903.19
2020,2501807,Bayeux,2,480.846,1291606.431,13287.72
2020,2501807,Bayeux,3,365.93999999999994,1291606.431,13287.72
2020,2501906,Belém,2,491.3860000000001,204352.941,11542.1
2020,2502003,Belém do Brejo do Cruz,2,514.394,70188.242,9550.72
2020,2502052,Bernardino Batista,2,496.412,37575.957,10626.68
2020,2502102,Boa Ventura,2,454.608,45561.335,8585.14
2020,2502151,Boa Vista,2,487.616,173206.979,24272.28
2020,2502201,Bom Jesus,2,461.532,30186.018,11722.73
2020,2502300,Bom Sucesso,2,482.75600000000003,47848.983,9654.76
2020,2502409,Bonito de Santa Fé,2,451.46400000000006,94883.706,7892.51
2020,2502508,Boqueirão,2,488.55,232197.035,12993.68
2020,2502607,Igaracy,2,474.27200000000005,57594.914,9434.06
2020,2502706,Borborema,2,435.45,62513.317,11823.97
2020,2502805,Brejo do Cruz,2,452.66400000000004,133694.823,9411.15
2020,2502904,Brejo dos Santos,2,463.41999999999996,57625.226,8914.79
2020,2503001,Caaporã,2,451.904,475369.642,21652.0
2020,2503100,Cabaceiras,2,515.938,67972.501,12007.15
2020,2503209,Cabedelo,1,548.8779999999999,2741069.371,39860.24
2020,2503209,Cabedelo,2,465.726,2741069.371,39860.24
2020,2503308,Cachoeira dos Índios,2,471.95,114596.439,11120.47
2020,2503407,Cacimba de Areia,2,495.526,36584.877,9901.18
2020,2503506,Cacimba de Dentro,2,491.396,141379.905,8230.29
2020,2503555,Cacimbas,2,441.916,61658.936,8564.93
2020,2503605,Caiçara,2,486.40199999999993,63862.815,8880.94
2020,2503704,Cajazeiras,1,604.78,1134928.67,18220.37
2020,2503704,Cajazeiras,2,506.396,1134928.67,18220.37
2020,2503704,Cajazeiras,3,429.9799999999999,1134928.67,18220.37
2020,2503753,Cajazeirinhas,2,543.444,37244.855,11620.86
2020,2503803,Caldas Brandão,2,462.526,69228.791,11450.35
2020,2503902,Camalaú,2,484.04799999999994,65448.009,10851.93
2020,2504009,Campina Grande,1,578.492,10077160.381,24470.59
2020,2504009,Campina Grande,2,503.936,10077160.381,24470.59
2020,2504009,Campina Grande,3,466.8,10077160.381,24470.59
2020,2504033,Capim,2,473.04200000000003,71115.686,10742.55
2020,2504074,Caraúbas,2,572.142,40491.585,9675.41
2020,2504108,Carrapateira,2,504.03600000000006,29053.652,10812.67
2020,2504157,Casserengue,2,482.774,67365.995,8983.33
2020,2504207,Catingueira,2,474.924,48564.79,9840.89
2020,2504306,Catolé do Rocha,1,606.0020000000001,456782.12,14886.65
2020,2504306,Catolé do Rocha,2,472.98600000000005,456782.12,14886.65
2020,2504355,Caturité,2,438.53999999999996,57237.863,11741.1
2020,2504405,Conceição,2,454.95200000000006,192205.367,10112.35
2020,2504504,Condado,2,489.854,82288.195,12359.3
2020,2504603,Conde,2,484.58599999999996,890606.926,35610.03
2020,2504702,Congo,2,507.26599999999996,54648.557,11416.03
2020,2504801,Coremas,2,501.65200000000004,196738.234,12741.29
2020,2504850,Coxixola,2,512.036,22527.124,11641.92
2020,2504900,Cruz do Espírito Santo,2,460.408,165362.34,9470.38
2020,2505006,Cubati,2,517.706,67700.977,8644.15
2020,2505105,Cuité,2,497.39400000000006,215818.668,10613.68
2020,2505105,Cuité,3,453.9200000000001,215818.668,10613.68
2020,2505204,Cuitegi,2,481.832,62091.947,9164.86
2020,2505238,Cuité de Mamanguape,2,483.78000000000003,67719.819,10654.47
2020,2505279,Curral de Cima,2,475.14399999999995,51359.892,9842.83
2020,2505303,Curral Velho,2,497.4,24919.436,9920.16
2020,2505352,Damião,2,531.8,46271.444,8616.66
2020,2505402,Desterro,2,472.584,67393.022,8104.99
2020,2505501,Vista Serrana,2,411.032,36770.18,9615.63
2020,2505600,Diamante,2,501.4880000000001,55479.449,8498.69
2020,2505709,Dona Inês,2,482.49799999999993,84951.503,8158.22
2020,2505808,Duas Estradas,2,470.04200000000003,42040.086,11736.48
2020,2505907,Emas,2,452.75999999999993,37697.839,10652.12
2020,2506004,Esperança,1,644.514,467759.215,14089.56
2020,2506004,Esperança,2,487.68799999999993,467759.215,14089.56
2020,2506103,Fagundes,2,510.99000000000007,101934.008,9089.08
2020,2506202,Frei Martinho,2,405.4,28868.853,9658.36
2020,2506251,Gado Bravo,2,441.396,69556.814,8377.31
2020,2506301,Guarabira,1,566.606,1057344.926,17886.24
2020,2506301,Guarabira,2,475.282,1057344.926,17886.24
2020,2506301,Guarabira,3,472.14000000000004,1057344.926,17886.24
2020,2506400,Gurinhém,2,445.7200000000001,137913.428,9762.4
2020,2506509,Gurjão,2,512.19,35153.806,10180.66
2020,2506608,Ibiara,2,486.31800000000004,52442.891,8884.11
2020,2506707,Imaculada,2,489.14799999999997,90918.504,7673.74
2020,2506806,Ingá,2,489.46399999999994,196937.22,10854.12
2020,2506905,Itabaiana,1,529.912,318023.842,13023.62
2020,2506905,Itabaiana,2,485.08000000000004,318023.842,13023.62
2020,2507002,Itaporanga,1,562.168,308927.5,12442.71
2020,2507002,Itaporanga,2,470.912,308927.5,12442.71
2020,2507101,Itapororoca,2,457.26000000000005,189740.334,10080.24
2020,2507200,Itatuba,2,502.96400000000006,141886.921,12880.08
2020,2507309,Jacaraú,2,499.91,147575.776,10212.86
2020,2507408,Jericó,2,473.33599999999996,71029.305,9170.99
2020,2507507,João Pessoa,1,596.6699999999998,20728226.966,25355.29
2020,2507507,João Pessoa,2,500.34799999999996,20728226.966,25355.29
2020,2507507,João Pessoa,3,529.65,20728226.966,25355.29
2020,2507606,Juarez Távora,2,425.77,71196.101,8926.29
2020,2507705,Juazeirinho,2,477.91999999999996,190200.153,10394.59
2020,2507705,Juazeirinho,3,447.85999999999996,190200.153,10394.59
2020,2507804,Junco do Seridó,2,494.8280000000001,79427.199,11039.22
2020,2507903,Juripiranga,2,481.802,111256.225,10308.18
2020,2508000,Juru,2,498.49799999999993,80598.726,8183.44
2020,2508109,Lagoa,2,445.524,47492.432,10206.84
2020,2508208,Lagoa de Dentro,2,475.34400000000005,78624.594,10162.16
2020,2508307,Lagoa Seca,2,478.66600000000005,291430.636,10552.58
2020,2508406,Lastro,2,450.488,27701.754,10191.96
2020,2508505,Livramento,2,476.62000000000006,62097.162,8547.44
2020,2508554,Logradouro,2,478.492,43953.448,10060.3
2020,2508604,Lucena,2,447.004,200774.517,15194.08
2020,2508703,Mãe d'Água,2,494.384,36834.98,9211.05
2020,2508802,Malta,2,576.106,73004.576,12692.03
2020,2508901,Mamanguape,2,482.89400000000006,692471.344,15341.89
2020,2509008,Manaíra,2,429.63199999999995,86796.5,7910.73
2020,2509057,Marcação,2,393.244,87608.819,10124.68
2020,2509107,Mari,2,477.796,221024.074,10108.12
2020,2509156,Marizópolis,2,445.88800000000003,72833.892,10945.88
2020,2509206,Massaranduba,2,505.008,123177.987,8799.68
2020,2509206,Massaranduba,3,464.12,123177.987,8799.68
2020,2509305,Mataraca,2,488.0,225449.358,26402.31
2020,2509339,Matinhas,2,445.508,51307.885,11363.87
2020,2509370,Mato Grosso,2,458.23600000000005,28765.603,9831.03
2020,2509396,Maturéia,2,433.28600000000006,55539.255,8376.96
2020,2509404,Mogeiro,2,534.846,164346.493,12393.22
2020,2509503,Montadas,2,492.718,52421.41,9135.83
2020,2509602,Monte Horebe,2,575.6,43363.857,8955.77
2020,2509701,Monteiro,1,551.85,577990.878,17288.04
2020,2509701,Monteiro,2,456.264,577990.878,17288.04
2020,2509800,Mulungu,2,483.28600000000006,88689.589,8929.68
2020,2509909,Natuba,2,484.66,92138.14,8816.2
2020,2510006,Nazarezinho,2,417.46999999999997,60640.237,8322.84
2020,2510105,Nova Floresta,2,486.726,90900.529,8554.54
2020,2510204,Nova Olinda,2,449.64,52554.207,8877.4
2020,2510303,Nova Palmeira,2,529.524,42406.741,8551.47
2020,2510402,Olho d'Água,2,445.588,58388.126,9035.61
2020,2510501,Olivedos,2,474.046,39888.458,10070.3
2020,2510600,Ouro Velho,2,415.37999999999994,34621.392,11366.18
2020,2510659,Parari,2,522.24,20862.144,11866.98
2020,2510709,Passagem,2,417.93,26665.408,10946.39
2020,2510808,Patos,1,555.8059999999999,1920850.212,17754.09
2020,2510808,Patos,2,499.058,1920850.212,17754.09
2020,2510907,Paulista,2,525.604,143652.844,11604.56
2020,2511004,Pedra Branca,2,467.76399999999995,35397.18,9310.15
2020,2511103,Pedra Lavrada,2,491.97799999999995,73972.544,9364.8
2020,2511202,Pedras de Fogo,2,437.81200000000007,537487.066,18837.38
2020,2511301,Piancó,2,468.94800000000004,190593.176,11830.0
2020,2511400,Picuí,1,558.932,204775.589,10938.87
2020,2511400,Picuí,2,504.334,204775.589,10938.87
2020,2511509,Pilar,2,488.204,112885.872,9425.22
2020,2511608,Pilões,2,459.784,84386.289,12832.46
2020,2511707,Pilõezinhos,2,493.468,53523.056,10801.83
2020,2511806,Pirpirituba,2,512.0840000000001,90648.859,8564.71
2020,2511905,Pitimbu,2,427.962,375323.084,19472.01
2020,2512002,Pocinhos,2,504.11199999999997,271743.34,14525.52
2020,2512036,Poço Dantas,2,457.648,36279.373,9345.54
2020,2512077,Poço de José de Moura,2,465.48199999999997,44283.84,10210.71
2020,2512101,Pombal,2,500.39399999999995,427189.396,13023.27
2020,2512200,Prata,2,497.966,58674.803,13844.93
2020,2512309,Princesa Isabel,1,528.27,255527.266,10850.88
2020,2512309,Princesa Isabel,2,464.554,255527.266,10850.88
2020,2512408,Puxinanã,2,486.316,121586.199,8848.42
2020,2512507,Queimadas,2,472.322,529576.271,11987.06
2020,2512606,Quixaba,2,415.03000000000003,23490.581,11845.98
2020,2512705,Remígio,2,485.85200000000003,174741.8,8826.23
2020,2512721,Pedro Régis,2,466.50600000000003,52413.067,8572.63
2020,2512747,Riachão,2,439.448,33809.871,9342.32
2020,2512754,Riachão do Bacamarte,2,409.71999999999997,47128.914,10378.53
2020,2512762,Riachão do Poço,2,433.334,52177.539,11492.85
2020,2512788,Riacho de Santo Antônio,2,493.716,26824.165,13588.74
2020,2512804,Riacho dos Cavalos,2,473.51800000000003,85059.618,9958.98
2020,2512903,Rio Tinto,2,456.492,288049.925,11894.04
2020,2513000,Salgadinho,2,535.22,30834.167,7843.85
2020,2513109,Salgado de São Félix,2,475.174,129093.72,10641.64
2020,2513158,Santa Cecília,2,537.5939999999999,58690.512,8972.71
2020,2513208,Santa Cruz,2,510.81000000000006,58425.664,8877.93
2020,2513307,Santa Helena,2,531.066,58866.841,10026.71
2020,2513356,Santa Inês,2,446.63199999999995,33949.689,9448.84
2020,2513406,Santa Luzia,2,483.608,294590.285,19097.0
2020,2513505,Santana de Mangueira,2,468.774,45660.48,8902.41
2020,2513604,Santana dos Garrotes,2,446.5,62247.23,8910.28
2020,2513653,Joca Claudino,2,449.38,30034.924,11381.18
2020,2513703,Santa Rita,1,565.9699999999999,2564207.615,18669.28
2020,2513703,Santa Rita,2,490.392,2564207.615,18669.28
2020,2513802,Santa Teresinha,2,472.838,48039.275,10530.31
2020,2513851,Santo André,2,518.472,29073.411,11587.65
2020,2513901,São Bento,2,504.858,489840.266,14262.76
2020,2513927,São Bentinho,2,486.996,49402.571,10819.66
2020,2513943,São Domingos do Cariri,3,491.16,26608.121,10117.16
2020,2513968,São Domingos,2,431.256,32174.454,10388.91
2020,2513984,São Francisco,2,511.42600000000004,36639.917,10827.4
2020,2514008,São João do Cariri,2,518.358,49302.021,11783.47
2020,2514107,São João do Tigre,2,500.44399999999996,37783.694,8558.03
2020,2514206,São José da Lagoa Tapada,2,463.71399999999994,63366.97,8309.33
2020,2514305,São José de Caiana,2,437.93600000000004,51229.381,8034.72
2020,2514404,São José de Espinharas,2,449.41,51509.211,11062.97
2020,2514453,São José dos Ramos,2,475.43999999999994,54052.761,9011.8
2020,2514503,São José de Piranhas,2,474.588,220329.964,10838.21
2020,2514552,São José de Princesa,2,470.37,33739.09,8541.54
2020,2514602,São José do Bonfim,2,437.92800000000005,30000.023,8361.21
2020,2514651,São José do Brejo do Cruz,2,488.51200000000006,26356.95,14553.81
2020,2514701,São José do Sabugi,2,444.946,96332.816,23229.52
2020,2514800,São José dos Cordeiros,3,398.78000000000003,34399.397,9507.85
2020,2514909,São Mamede,2,476.12600000000003,75708.962,9829.78
2020,2515005,São Miguel de Taipu,2,457.34,78432.129,10584.63
2020,2515104,São Sebastião de Lagoa de Roça,2,482.24799999999993,99911.696,8519.07
2020,2515203,São Sebastião do Umbuzeiro,2,433.474,35164.313,10012.62
2020,2515302,Sapé,2,483.07,632981.728,11987.38
2020,2515401,São Vicente do Seridó,2,470.354,79692.745,7346.31
2020,2515401,São Vicente do Seridó,3,424.9799999999999,79692.745,7346.31
2020,2515500,Serra Branca,2,484.53999999999996,135501.819,9851.81
2020,2515609,Serra da Raiz,2,450.76800000000003,34551.337,11035.24
2020,2515708,Serra Grande,2,438.59,29544.498,10131.86
2020,2515807,Serra Redonda,2,484.98600000000005,71737.638,10217.58
2020,2515906,Serraria,2,506.684,62035.086,10223.32
2020,2515930,Sertãozinho,2,507.0280000000001,52365.096,10289.86
2020,2515971,Sobrado,2,490.10599999999994,97028.199,12415.64
2020,2516003,Solânea,2,482.76599999999996,325718.503,12419.21
2020,2516102,Soledade,2,497.422,186551.029,12352.74
2020,2516151,Sossêgo,2,493.16,35788.644,9957.89
2020,2516201,Sousa,1,537.048,1254398.567,17991.17
2020,2516201,Sousa,2,507.76800000000003,1254398.567,17991.17
2020,2516300,Sumé,2,496.70199999999994,195666.273,11488.83
2020,2516409,Tacima,2,512.9159999999999,83621.949,7623.48
2020,2516508,Taperoá,2,504.692,132766.352,8598.3
2020,2516607,Tavares,2,489.76200000000006,130736.254,8858.07
2020,2516706,Teixeira,2,426.238,153304.019,10054.04
2020,2516755,Tenório,2,485.23199999999997,30628.397,9941.06
2020,2516805,Triunfo,2,498.646,81015.873,8560.43
2020,2516904,Uiraúna,2,496.41999999999996,178335.737,11655.93
2020,2517001,Umbuzeiro,2,459.40200000000004,83714.748,8446.65
2020,2517100,Várzea,2,515.638,34060.903,11989.05
2020,2517209,Vieirópolis,2,496.85999999999996,45288.539,8430.48
2020,2517407,Zabelê,2,433.454,25100.491,11131.04
2021,2500106,Água Branca,2,496.802,92036.226,8870.96
2021,2500205,Aguiar,2,443.724,60096.471,10689.52
2021,2500304,Alagoa Grande,2,499.69800000000004,300115.908,10573.42
2021,2500403,Alagoa Nova,2,479.858,335056.335,15961.14
2021,2500502,Alagoinha,2,470.22599999999994,138510.262,9468.2
2021,2500536,Alcantil,2,512.778,55096.991,9968.7
2021,2500577,Algodão de Jandaíra,2,439.08599999999996,28629.387,11062.36
2021,2500601,Alhandra,2,486.31399999999996,3399775.211,171143.98
2021,2500700,São João do Rio do Peixe,2,478.184,225531.023,12515.6
2021,2500700,São João do Rio do Peixe,3,449.622,225531.023,12515.6
2021,2500734,Amparo,3,413.66,29433.007,13000.44
2021,2500775,Aparecida,2,440.31399999999996,105225.692,12405.76
2021,2500809,Araçagi,2,483.85599999999994,185877.411,11026.72
2021,2500908,Arara,2,503.71999999999997,112307.586,8250.02
2021,2501005,Araruna,2,494.04200000000003,204298.382,9912.59
2021,2501104,Areia,2,477.602,257221.884,11435.64
2021,2501153,Areia de Baraúnas,2,431.6,26095.48,12396.9
2021,2501203,Areial,2,483.34400000000005,62577.695,8871.24
2021,2501203,Areial,3,460.14,62577.695,8871.24
2021,2501302,Aroeiras,2,480.698,167984.982,8803.78
2021,2501351,Assunção,2,513.952,48497.518,11924.64
2021,2501401,Baía da Traição,2,442.916,107853.687,11727.05
2021,2501500,Bananeiras,1,515.608,278904.459,13143.47
2021,2501500,Bananeiras,2,489.57,278904.459,13143.47
2021,2501500,Bananeiras,3,512.14,278904.459,13143.47
2021,2501534,Baraúna,2,480.06800000000004,49783.675,9891.45
2021,2501575,Barra de Santana,2,478.326,90800.733,10889.99
2021,2501609,Barra de Santa Rosa,2,445.5,150844.675,9665.19
2021,2501708,Barra de São Miguel,2,504.90599999999995,84814.934,13915.49
2021,2501807,Bayeux,2,487.94399999999996,1366842.225,14016.16
2021,2501906,Belém,2,481.854,218066.949,12297.24
2021,2502003,Belém do Brejo do Cruz,2,484.5540000000001,78556.966,10679.3
2021,2502052,Bernardino Batista,2,472.396,40037.053,11211.72
2021,2502102,Boa Ventura,2,450.12600000000003,51614.974,9835.17
2021,2502151,Boa Vista,2,536.108,206386.779,28593.35
2021,2502201,Bom Jesus,2,412.39,32050.824,12384.4
2021,2502300,Bom Sucesso,2,493.492,54512.891,11041.7
2021,2502409,Bonito de Santa Fé,2,461.8280000000001,96548.89,7962.14
2021,2502508,Boqueirão,2,502.55999999999995,256636.471,14310.05
2021,2502607,Igaracy,2,478.32399999999996,60774.458,9976.11
2021,2502706,Borborema,2,445.25200000000007,69205.238,13030.55
2021,2502805,Brejo do Cruz,2,483.058,147154.424,10299.88
2021,2502904,Brejo dos Santos,2,490.25200000000007,64311.475,9926.14
2021,2503001,Caaporã,2,465.11799999999994,467127.33,21157.09
2021,2503100,Cabaceiras,2,523.3140000000001,116487.315,20400.58
2021,2503209,Cabedelo,1,548.426,3152546.126,45182.89
2021,2503209,Cabedelo,2,477.60599999999994,3152546.126,45182.89
2021,2503308,Cachoeira dos Índios,2,450.938,124811.017,12042.75
2021,2503407,Cacimba de Areia,2,462.496,39105.747,10546.32
2021,2503506,Cacimba de Dentro,2,499.084,154035.598,8971.73
2021,2503555,Cacimbas,2,537.87,67103.475,9287.68
2021,2503605,Caiçara,2,444.992,65660.656,9142.39
2021,2503704,Cajazeiras,1,581.352,1231739.659,19683.9
2021,2503704,Cajazeiras,2,495.032,1231739.659,19683.9
2021,2503753,Cajazeirinhas,2,470.35200000000003,42008.531,13058.29
2021,2503803,Caldas Brandão,2,528.192,74706.15,12293.26
2021,2503902,Camalaú,2,507.76399999999995,71641.765,11845.53
2021,2504009,Campina Grande,1,578.25,10373107.305,25066.11
2021,2504009,Campina Grande,2,500.696,10373107.305,25066.11
2021,2504009,Campina Grande,3,521.04,10373107.305,25066.11
2021,2504033,Capim,2,444.30600000000004,75638.486,11264.11
2021,2504074,Caraúbas,2,501.53599999999994,42197.481,10032.69
2021,2504108,Carrapateira,2,538.756,30950.209,11403.91
2021,2504157,Casserengue,2,521.54,70017.617,9298.49
2021,2504207,Catingueira,2,464.918,52898.763,10712.59
2021,2504306,Catolé do Rocha,1,606.082,505606.684,16405.68
2021,2504306,Catolé do Rocha,2,482.504,505606.684,16405.68
2021,2504355,Caturité,2,503.7099999999999,61665.133,12589.86
2021,2504355,Caturité,3,471.28000000000003,61665.133,12589.86
2021,2504405,Conceição,2,485.70799999999997,209009.706,10983.17
2021,2504504,Condado,2,506.7799999999999,90373.017,13565.45
2021,2504603,Conde,2,456.514,1286990.455,50786.89
2021,2504702,Congo,2,522.606,61704.484,12890.01
2021,2504801,Coremas,2,505.328,249600.863,16167.95
2021,2504850,Coxixola,2,503.872,24016.783,12328.94
2021,2504900,Cruz do Espírito Santo,2,464.5200000000001,191194.206,10863.92
2021,2505006,Cubati,2,575.952,76814.196,9765.34
2021,2505105,Cuité,2,500.756,220439.46,10842.53
2021,2505204,Cuitegi,2,500.7900000000001,66741.611,9890.58
2021,2505238,Cuité de Mamanguape,2,425.358,74110.451,11652.59
2021,2505279,Curral de Cima,2,461.646,55525.901,10659.61
2021,2505303,Curral Velho,2,416.34799999999996,26783.162,10679.09
2021,2505352,Damião,2,487.96999999999997,50276.495,9294.97
2021,2505402,Desterro,2,448.70200000000006,72714.766,8727.17
2021,2505501,Vista Serrana,2,471.0,39389.717,10231.1
2021,2505600,Diamante,2,474.212,59344.718,9121.54
2021,2505709,Dona Inês,2,421.756,93830.214,9043.88
2021,2505808,Duas Estradas,2,474.524,45025.16,12615.62
2021,2505907,Emas,2,482.39799999999997,41639.403,11709.62
2021,2506004,Esperança,1,609.914,507255.861,15193.67
2021,2506004,Esperança,2,478.25,507255.861,15193.67
2021,2506103,Fagundes,2,474.56000000000006,105312.051,9419.68
2021,2506202,Frei Martinho,2,520.1400000000001,30263.993,10125.12
2021,2506251,Gado Bravo,2,450.86199999999997,76210.522,9190.85
2021,2506301,Guarabira,1,571.7059999999999,1790167.562,30143.08
2021,2506301,Guarabira,2,487.956,1790167.562,30143.08
2021,2506400,Gurinhém,2,463.49799999999993,150969.872,10688.13
2021,2506509,Gurjão,2,508.01599999999996,38324.156,11022.19
2021,2506608,Ibiara,2,423.508,57772.49,9830.27
2021,2506707,Imaculada,2,469.12399999999997,98313.704,8277.65
2021,2506806,Ingá,2,486.936,194960.748,10721.55
2021,2506905,Itabaiana,1,546.42,335812.273,13783.7
2021,2506905,Itabaiana,2,478.918,335812.273,13783.7
2021,2506905,Itabaiana,3,474.41,335812.273,13783.7
2021,2507002,Itaporanga,1,548.5319999999999,341234.782,13671.27
2021,2507002,Itaporanga,2,501.98999999999995,341234.782,13671.27
2021,2507101,Itapororoca,2,477.956,206432.674,10877.47
2021,2507200,Itatuba,2,496.2799999999999,155216.278,14022.61
2021,2507200,Itatuba,3,342.4,155216.278,14022.61
2021,2507309,Jacaraú,2,490.85,165129.833,11414.24
2021,2507408,Jericó,2,467.42600000000004,76303.424,9844.33
2021,2507507,João Pessoa,1,595.422,22244284.131,26936.78
2021,2507507,João Pessoa,2,498.712,22244284.131,26936.78
2021,2507507,João Pessoa,3,495.4799999999999,22244284.131,26936.78
2021,2507606,Juarez Távora,2,500.678,73120.509,9124.1
2021,2507705,Juazeirinho,2,506.486,210328.809,11417.26
2021,2507804,Junco do Seridó,2,474.49799999999993,96602.326,13346.55
2021,2507903,Juripiranga,2,487.39,117362.743,10836.82
2021,2507903,Juripiranga,3,476.73999999999995,117362.743,10836.82
2021,2508000,Juru,2,502.54800000000006,87265.564,8876.57
2021,2508109,Lagoa,2,476.97200000000004,51231.778,11041.33
2021,2508208,Lagoa de Dentro,2,481.24399999999997,83536.719,10773.37
2021,2508307,Lagoa Seca,2,456.82,309762.976,11171.49
2021,2508406,Lastro,2,474.53000000000003,29494.943,10932.15
2021,2508505,Livramento,2,489.642,70043.144,9629.25
2021,2508554,Logradouro,2,448.052,48650.649,11041.91
2021,2508604,Lucena,2,448.51000000000005,223066.283,16716.6
2021,2508703,Mãe d'Água,2,453.12,38603.904,9680.02
2021,2508802,Malta,2,501.68,79658.812,13865.76
2021,2508901,Mamanguape,2,483.1,805007.145,17737.3
2021,2509008,Manaíra,2,494.98999999999995,101427.657,9230.77
2021,2509057,Marcação,2,413.26800000000003,95669.867,10938.7
2021,2509107,Mari,2,465.342,241807.475,11043.96
2021,2509156,Marizópolis,2,462.492,81943.502,12250.49
2021,2509206,Massaranduba,2,475.946,130381.182,9262.0
2021,2509206,Massaranduba,3,425.91999999999996,130381.182,9262.0
2021,2509305,Mataraca,2,462.454,240531.445,27832.84
2021,2509339,Matinhas,2,449.9200000000001,54035.494,11933.63
2021,2509370,Mato Grosso,2,394.302,31800.565,10801.82
2021,2509396,Maturéia,2,443.14400000000006,61810.578,9239.25
2021,2509404,Mogeiro,2,489.98999999999995,164371.519,12416.64
2021,2509503,Montadas,2,491.60599999999994,55244.518,9515.07
2021,2509602,Monte Horebe,2,511.912,48074.102,9877.56
2021,2509701,Monteiro,1,550.796,635379.842,18888.75
2021,2509701,Monteiro,2,477.74399999999997,635379.842,18888.75
2021,2509800,Mulungu,2,504.62399999999997,98149.692,9852.41
2021,2509909,Natuba,2,458.68799999999993,95464.758,9136.26
2021,2510006,Nazarezinho,2,446.304,65965.104,9072.36
2021,2510105,Nova Floresta,2,428.1,99605.669,9384.37
2021,2510204,Nova Olinda,2,469.24799999999993,57801.878,9810.23
2021,2510303,Nova Palmeira,2,537.058,48983.396,9775.17
2021,2510402,Olho d'Água,2,422.974,61850.668,9665.68
2021,2510501,Olivedos,2,476.17600000000004,43584.748,10926.23
2021,2510600,Ouro Velho,2,476.412,38279.24,12542.35
2021,2510659,Parari,2,484.054,21495.18,12304.05
2021,2510709,Passagem,2,484.328,28859.81,11765.11
2021,2510808,Patos,1,575.354,1993586.153,18329.13
2021,2510808,Patos,2,488.5400000000001,1993586.153,18329.13
2021,2510808,Patos,3,503.46999999999997,1993586.153,18329.13
2021,2510907,Paulista,2,514.758,157013.702,12651.17
2021,2511004,Pedra Branca,2,457.58000000000004,37462.93,9853.48
2021,2511103,Pedra Lavrada,2,502.22200000000004,80074.509,10067.2
2021,2511202,Pedras de Fogo,2,459.892,556476.253,19452.45
2021,2511301,Piancó,2,465.58000000000004,206302.417,12776.52
2021,2511400,Picuí,1,545.1899999999999,213192.092,11378.13
2021,2511400,Picuí,2,508.9,213192.092,11378.13
2021,2511509,Pilar,2,461.434,121700.423,10111.37
2021,2511608,Pilões,2,469.496,95436.018,14641.92
2021,2511707,Pilõezinhos,2,469.634,51216.069,10373.93
2021,2511806,Pirpirituba,2,480.67600000000004,95103.26,8980.48
2021,2511905,Pitimbu,2,428.5280000000001,430316.393,22092.43
2021,2512002,Pocinhos,2,488.258,284640.06,15101.87
2021,2512036,Poço Dantas,2,504.83000000000004,40230.198,10376.63
2021,2512077,Poço de José de Moura,2,451.828,46792.202,10717.41
2021,2512101,Pombal,2,510.41999999999996,465067.624,14177.59
2021,2512200,Prata,2,478.532,64687.726,15167.11
2021,2512309,Princesa Isabel,1,525.626,266344.991,11215.0
2021,2512309,Princesa Isabel,2,470.14,266344.991,11215.0
2021,2512408,Puxinanã,2,494.11800000000005,137836.786,9987.45
2021,2512507,Queimadas,2,489.674,605758.835,13646.91
2021,2512606,Quixaba,2,441.71999999999997,26745.509,13312.85
2021,2512705,Remígio,2,495.51599999999996,181359.946,9080.26
2021,2512721,Pedro Régis,2,460.546,57185.972,9315.19
2021,2512754,Riachão do Bacamarte,2,445.334,50101.002,10982.25
2021,2512762,Riachão do Poço,2,549.7,56186.6,12291.97
2021,2512788,Riacho de Santo Antônio,2,448.21999999999997,30562.114,15288.7
2021,2512804,Riacho dos Cavalos,2,461.77199999999993,92585.082,10822.34
2021,2512903,Rio Tinto,2,469.86,321971.355,13272.79
2021,2513000,Salgadinho,2,434.826,33443.703,8413.51
2021,2513109,Salgado de São Félix,2,468.6,128635.607,10610.87
2021,2513158,Santa Cecília,2,487.87600000000003,65649.353,10059.66
2021,2513208,Santa Cruz,2,400.63,62113.753,9441.21
2021,2513307,Santa Helena,2,523.634,62162.223,10620.57
2021,2513406,Santa Luzia,1,545.89,372292.265,24065.43
2021,2513406,Santa Luzia,2,473.89799999999997,372292.265,24065.43
2021,2513505,Santana de Mangueira,2,500.584,51045.997,10012.95
2021,2513604,Santana dos Garrotes,2,441.03000000000003,67142.255,9671.89
2021,2513653,Joca Claudino,2,451.01399999999995,33004.268,12501.62
2021,2513703,Santa Rita,1,536.4200000000001,2616825.49,18949.73
2021,2513703,Santa Rita,2,486.662,2616825.49,18949.73
2021,2513802,Santa Teresinha,2,506.73600000000005,57190.951,12569.44
2021,2513851,Santo André,2,470.654,29350.314,11758.94
2021,2513901,São Bento,2,501.34400000000005,567017.399,16364.14
2021,2513927,São Bentinho,2,446.52,55030.251,11957.9
2021,2513943,São Domingos do Cariri,3,562.52,28699.162,10850.34
2021,2513968,São Domingos,2,477.838,36166.948,11595.69
2021,2513984,São Francisco,2,496.912,39118.053,11583.67
2021,2514008,São João do Cariri,2,493.42999999999995,55295.076,13260.21
2021,2514107,São João do Tigre,2,489.35,40920.275,9283.18
2021,2514206,São José da Lagoa Tapada,2,482.678,71953.701,9440.27
2021,2514305,São José de Caiana,2,436.21000000000004,55613.637,8697.78
2021,2514404,São José de Espinharas,2,458.36,54850.4,11844.18
2021,2514453,São José dos Ramos,2,479.32,86594.663,14343.99
2021,2514503,São José de Piranhas,2,491.46399999999994,230383.352,11289.98
2021,2514552,São José de Princesa,2,453.13,34031.21,8730.43
2021,2514602,São José do Bonfim,2,441.688,32366.109,8943.38
2021,2514651,São José do Brejo do Cruz,2,462.23400000000004,29091.416,15975.52
2021,2514701,São José do Sabugi,2,464.47800000000007,125141.541,30132.81
2021,2514800,São José dos Cordeiros,2,517.674,36927.255,10237.66
2021,2514909,São Mamede,2,501.21000000000004,82237.828,10705.26
2021,2515005,São Miguel de Taipu,2,480.334,82625.82,11090.71
2021,2515104,São Sebastião de Lagoa de Roça,2,502.90200000000004,105790.91,8970.65
2021,2515302,Sapé,2,488.66999999999996,675778.313,12756.07
2021,2515401,São Vicente do Seridó,2,493.15600000000006,89888.437,8232.3
2021,2515401,São Vicente do Seridó,3,490.6,89888.437,8232.3
2021,2515500,Serra Branca,2,472.256,147661.657,10694.7
2021,2515609,Serra da Raiz,2,493.178,37034.047,11892.76
2021,2515708,Serra Grande,2,447.96999999999997,33183.293,11360.25
2021,2515807,Serra Redonda,2,473.00200000000007,71218.258,10172.58
2021,2515906,Serraria,2,499.25,67689.935,11212.51
2021,2515930,Sertãozinho,2,452.172,54676.315,10612.64
2021,2515971,Sobrado,2,507.3879999999999,112658.778,14360.58
2021,2516003,Solânea,2,498.762,353078.442,13553.35
2021,2516102,Soledade,2,495.13,203479.634,13377.14
2021,2516151,Sossêgo,2,600.396,38718.862,10663.42
2021,2516201,Sousa,1,522.854,1318528.629,18836.93
2021,2516201,Sousa,2,511.994,1318528.629,18836.93
2021,2516300,Sumé,2,476.51599999999996,200876.661,11749.92
2021,2516409,Tacima,2,471.16,91695.546,8317.81
2021,2516508,Taperoá,2,504.0780000000001,139192.251,8977.25
2021,2516607,Tavares,2,516.236,139899.911,9458.45
2021,2516706,Teixeira,2,500.77799999999996,169084.804,11027.51
2021,2516755,Tenório,2,488.384,34478.107,11111.22
2021,2516805,Triunfo,2,488.52200000000005,87467.916,9233.39
2021,2516904,Uiraúna,2,485.0780000000001,192520.429,12537.15
2021,2517001,Umbuzeiro,2,467.494,91142.064,9193.27
2021,2517100,Várzea,2,479.55600000000004,37561.245,13087.54
2021,2517209,Vieirópolis,2,481.6700000000001,52688.691,9766.21
2021,2517407,Zabelê,2,490.62,26960.577,11882.14
